{
  "baseline_regression": {
    "spearman": -0.012971457541600017,
    "within_sd": 0.5612244897959183,
    "mae": 1.036278061084912,
    "mse": 1.4610233698960258
  },
  "deberta_regression": {
    "spearman": 0.5892350749879919,
    "within_sd": 0.7755102040816326,
    "mae": 0.7804959622448979,
    "mse": 1.0135613390820006
  },
  "baseline_classification_rounded": {
    "rounded_accuracy": 0.2585034013605442,
    "macro_precision": 0.1851257491738083,
    "macro_recall": 0.20949812956035405,
    "macro_f1": 0.11365508058122278,
    "per_class_f1": {
      "1": 0.0,
      "2": 0.014705882352941176,
      "3": 0.3965014577259475,
      "4": 0.15706806282722513,
      "5": 0.0
    },
    "per_class_ap": {
      "1": 0.1387052773444254,
      "2": 0.20995492525331277,
      "3": 0.23987165658784584,
      "4": 0.2699880163627021,
      "5": 0.16183879832820325
    }
  },
  "deberta_classification_rounded": {
    "rounded_accuracy": 0.35374149659863946,
    "macro_precision": 0.27990391376188717,
    "macro_recall": 0.3042008963294937,
    "macro_f1": 0.2822143705326895,
    "per_class_f1": {
      "1": 0.0,
      "2": 0.4045801526717557,
      "3": 0.3344262295081967,
      "4": 0.4438775510204081,
      "5": 0.22818791946308725
    },
    "per_class_ap": {
      "1": 0.3060273277812599,
      "2": 0.41799476537821023,
      "3": 0.3272334166142842,
      "4": 0.36610028864114574,
      "5": 0.30343214340038055
    }
  }
}