Model,Spearman Correlation,Accuracy Within SD,MAE,MSE
Baseline,-0.00867378977829674,0.5578231292517006,1.035236377391738,1.4824997423796649
Transformer,0.4977992345563229,0.6547619047619048,1.0242102146148682,1.608878254890442
