Model,Spearman Correlation,Accuracy Within SD,MAE,MSE
Baseline,0.0,0.0,0.0,0.0
Transformer,0.009332465801959117,0.54,1.045702576637268,1.486531376838684
