Model,Spearman Correlation,Accuracy Within SD,MAE,MSE
Baseline,0.059092333365534246,0.5680272108843537,1.03934454795284,1.5026444615328785
Transformer,0.4489816634726696,0.6054421768707483,1.0966943502426147,1.9634267091751099
