Model,Spearman Correlation,Accuracy Within SD,MAE,MSE
Baseline,-0.0052456788001111155,0.5561224489795918,1.0504319931396957,1.5241287909337384
Transformer,0.49313975687574735,0.6496598639455783,1.0313860177993774,1.7267009019851685
