Model,Spearman Correlation,Accuracy Within SD,MAE,MSE
Baseline,-0.01674101442497592,0.5612244897959183,1.073644579754501,1.591793939419559
Transformer,0.3491518265844498,0.6666666666666666,0.996708869934082,1.6310573816299438
