Model,Spearman Correlation,Accuracy Within SD,MAE,MSE
Baseline,-0.00867378977829674,0.5578231292517006,1.035236377391738,1.4824997423796649
Transformer,0.4216672119035691,0.5935374149659864,1.1215755939483643,1.9148895740509033
